"messageId","deviceId","temperature","humidity","EventProcessedUtcTime","PartitionId","EventEnqueuedUtcTime","IoTHub__MessageId","IoTHub__CorrelationId","IoTHub__ConnectionDeviceId","IoTHub__ConnectionDeviceGenerationId","IoTHub__EnqueuedTime","IoTHub__StreamId"
"593","Raspberry Pi Web Client","28.30335846351624","76.928678022814807","2018-08-23T17:08:50.9244889Z","0","2018-08-23T17:06:35.3920000Z","null","null","ShkDevice","636706340191412816","2018-08-23T17:06:35.4100000Z","null"
"594","Raspberry Pi Web Client","23.338144058325646","71.8319228802493","2018-08-23T17:08:51.1276156Z","0","2018-08-23T17:06:37.6010000Z","null","null","ShkDevice","636706340191412816","2018-08-23T17:06:37.6280000Z","null"
"595","Raspberry Pi Web Client","27.240190460452485","69.336016198730974","2018-08-23T17:08:51.1432406Z","0","2018-08-23T17:06:39.4450000Z","null","null","ShkDevice","636706340191412816","2018-08-23T17:06:39.4630000Z","null"
"596","Raspberry Pi Web Client","24.727405479222547","67.960526077154825","2018-08-23T17:08:51.1432406Z","0","2018-08-23T17:06:41.4290000Z","null","null","ShkDevice","636706340191412816","2018-08-23T17:06:41.4340000Z","null"
"597","Raspberry Pi Web Client","21.298087260437605","64.606447357431222","2018-08-23T17:08:51.1432406Z","0","2018-08-23T17:06:43.3990000Z","null","null","ShkDevice","636706340191412816","2018-08-23T17:06:43.4060000Z","null"
"598","Raspberry Pi Web Client","26.986278462534912","74.239295282151858","2018-08-23T17:08:51.1432406Z","0","2018-08-23T17:06:45.4350000Z","null","null","ShkDevice","636706340191412816","2018-08-23T17:06:45.4400000Z","null"
"599","Raspberry Pi Web Client","29.839107754027339","73.12780949806114","2018-08-23T17:08:51.1432406Z","0","2018-08-23T17:06:47.4200000Z","null","null","ShkDevice","636706340191412816","2018-08-23T17:06:47.4110000Z","null"
"600","Raspberry Pi Web Client","22.469728103602602","77.620212671203532","2018-08-23T17:08:51.1432406Z","0","2018-08-23T17:06:49.4070000Z","null","null","ShkDevice","636706340191412816","2018-08-23T17:06:49.4110000Z","null"
"601","Raspberry Pi Web Client","29.116521369999386","75.017411631449733","2018-08-23T17:08:51.1432406Z","0","2018-08-23T17:06:51.4020000Z","null","null","ShkDevice","636706340191412816","2018-08-23T17:06:51.4110000Z","null"
"602","Raspberry Pi Web Client","24.0910009749173","64.233757651952956","2018-08-23T17:08:51.1432406Z","0","2018-08-23T17:06:53.3980000Z","null","null","ShkDevice","636706340191412816","2018-08-23T17:06:53.3960000Z","null"
"603","Raspberry Pi Web Client","20.276142204802046","75.251633283860585","2018-08-23T17:08:51.1432406Z","0","2018-08-23T17:06:55.4120000Z","null","null","ShkDevice","636706340191412816","2018-08-23T17:06:55.4260000Z","null"
"604","Raspberry Pi Web Client","28.492308043180405","63.095719421035092","2018-08-23T17:08:51.1432406Z","0","2018-08-23T17:06:57.5580000Z","null","null","ShkDevice","636706340191412816","2018-08-23T17:06:57.5870000Z","null"
"605","Raspberry Pi Web Client","29.951964394148991","74.814538749515208","2018-08-23T17:08:51.1432406Z","0","2018-08-23T17:06:59.3630000Z","null","null","ShkDevice","636706340191412816","2018-08-23T17:06:59.3710000Z","null"
"606","Raspberry Pi Web Client","31.423562183115337","64.113810511254911","2018-08-23T17:08:51.1432406Z","0","2018-08-23T17:07:01.4120000Z","null","null","ShkDevice","636706340191412816","2018-08-23T17:07:01.4180000Z","null"
"607","Raspberry Pi Web Client","30.563677554156577","74.381429665751028","2018-08-23T17:08:51.1432406Z","0","2018-08-23T17:07:03.5040000Z","null","null","ShkDevice","636706340191412816","2018-08-23T17:07:03.5110000Z","null"
"608","Raspberry Pi Web Client","21.062455050709048","78.369550127726356","2018-08-23T17:08:51.1432406Z","0","2018-08-23T17:07:05.4430000Z","null","null","ShkDevice","636706340191412816","2018-08-23T17:07:05.4670000Z","null"
"609","Raspberry Pi Web Client","22.414064903058687","70.033572345173226","2018-08-23T17:08:51.1432406Z","0","2018-08-23T17:07:07.4820000Z","null","null","ShkDevice","636706340191412816","2018-08-23T17:07:07.4900000Z","null"
"610","Raspberry Pi Web Client","31.472496934237896","64.04364783382654","2018-08-23T17:08:51.1432406Z","0","2018-08-23T17:07:09.4760000Z","null","null","ShkDevice","636706340191412816","2018-08-23T17:07:09.4900000Z","null"
"611","Raspberry Pi Web Client","31.3691496090346","75.494730592576516","2018-08-23T17:08:51.1432406Z","0","2018-08-23T17:07:11.3900000Z","null","null","ShkDevice","636706340191412816","2018-08-23T17:07:11.3990000Z","null"
"612","Raspberry Pi Web Client","21.394628571639817","62.868444630373396","2018-08-23T17:08:51.1432406Z","0","2018-08-23T17:07:13.4370000Z","null","null","ShkDevice","636706340191412816","2018-08-23T17:07:13.4490000Z","null"
"613","Raspberry Pi Web Client","29.986536008412088","63.459410180976839","2018-08-23T17:08:51.1432406Z","0","2018-08-23T17:07:15.3880000Z","null","null","ShkDevice","636706340191412816","2018-08-23T17:07:15.4070000Z","null"
"614","Raspberry Pi Web Client","26.107009907701222","73.648000979364653","2018-08-23T17:08:51.1432406Z","0","2018-08-23T17:07:17.3670000Z","null","null","ShkDevice","636706340191412816","2018-08-23T17:07:17.3820000Z","null"
"615","Raspberry Pi Web Client","31.602577341787597","69.040887767297932","2018-08-23T17:08:51.1432406Z","0","2018-08-23T17:07:19.4200000Z","null","null","ShkDevice","636706340191412816","2018-08-23T17:07:19.4450000Z","null"
"616","Raspberry Pi Web Client","21.849757599869555","79.953863572460136","2018-08-23T17:08:51.1432406Z","0","2018-08-23T17:07:21.3670000Z","null","null","ShkDevice","636706340191412816","2018-08-23T17:07:21.3860000Z","null"
"617","Raspberry Pi Web Client","31.469951325676629","71.884692937228778","2018-08-23T17:08:51.1432406Z","0","2018-08-23T17:07:23.4270000Z","null","null","ShkDevice","636706340191412816","2018-08-23T17:07:23.4480000Z","null"
"618","Raspberry Pi Web Client","31.54590341556316","66.112162519227923","2018-08-23T17:08:51.1432406Z","0","2018-08-23T17:07:25.4150000Z","null","null","ShkDevice","636706340191412816","2018-08-23T17:07:25.4280000Z","null"
"619","Raspberry Pi Web Client","30.578246120402802","62.011357348938176","2018-08-23T17:08:51.1432406Z","0","2018-08-23T17:07:27.4000000Z","null","null","ShkDevice","636706340191412816","2018-08-23T17:07:27.4160000Z","null"
"620","Raspberry Pi Web Client","28.337548573764934","67.942316937839166","2018-08-23T17:08:51.1432406Z","0","2018-08-23T17:07:29.4320000Z","null","null","ShkDevice","636706340191412816","2018-08-23T17:07:29.4510000Z","null"
"621","Raspberry Pi Web Client","28.564956822911455","66.299249955544923","2018-08-23T17:08:51.1432406Z","0","2018-08-23T17:07:32.0260000Z","null","null","ShkDevice","636706340191412816","2018-08-23T17:07:32.0480000Z","null"
"622","Raspberry Pi Web Client","24.287061534087226","79.095171557808143","2018-08-23T17:08:51.1432406Z","0","2018-08-23T17:07:33.4640000Z","null","null","ShkDevice","636706340191412816","2018-08-23T17:07:33.4860000Z","null"
"623","Raspberry Pi Web Client","29.976968194323447","71.24247263415765","2018-08-23T17:08:51.1432406Z","0","2018-08-23T17:07:35.4180000Z","null","null","ShkDevice","636706340191412816","2018-08-23T17:07:35.4420000Z","null"
"624","Raspberry Pi Web Client","25.382087427495183","61.472714702679589","2018-08-23T17:08:51.1432406Z","0","2018-08-23T17:07:37.5020000Z","null","null","ShkDevice","636706340191412816","2018-08-23T17:07:37.5220000Z","null"
"625","Raspberry Pi Web Client","20.363813023361509","68.273661996703865","2018-08-23T17:08:51.1432406Z","0","2018-08-23T17:07:39.4150000Z","null","null","ShkDevice","636706340191412816","2018-08-23T17:07:39.4440000Z","null"
"626","Raspberry Pi Web Client","24.343177268096937","77.651160184692657","2018-08-23T17:08:51.1432406Z","0","2018-08-23T17:07:41.4160000Z","null","null","ShkDevice","636706340191412816","2018-08-23T17:07:41.4440000Z","null"
"627","Raspberry Pi Web Client","23.21344790467618","76.857496339934656","2018-08-23T17:08:51.1432406Z","0","2018-08-23T17:07:43.4490000Z","null","null","ShkDevice","636706340191412816","2018-08-23T17:07:43.4610000Z","null"
"628","Raspberry Pi Web Client","28.62278520205809","66.819392529594182","2018-08-23T17:08:51.1432406Z","0","2018-08-23T17:07:45.4920000Z","null","null","ShkDevice","636706340191412816","2018-08-23T17:07:45.5080000Z","null"
"629","Raspberry Pi Web Client","25.700143771268095","71.892728895840534","2018-08-23T17:08:51.1432406Z","0","2018-08-23T17:07:47.3720000Z","null","null","ShkDevice","636706340191412816","2018-08-23T17:07:47.4010000Z","null"
"630","Raspberry Pi Web Client","21.737226669074783","63.021725927045033","2018-08-23T17:08:51.1432406Z","0","2018-08-23T17:07:49.4320000Z","null","null","ShkDevice","636706340191412816","2018-08-23T17:07:49.4560000Z","null"
"631","Raspberry Pi Web Client","25.867321926197448","70.95048392580685","2018-08-23T17:08:51.1432406Z","0","2018-08-23T17:07:51.4320000Z","null","null","ShkDevice","636706340191412816","2018-08-23T17:07:51.4560000Z","null"
"632","Raspberry Pi Web Client","26.123480380305914","72.577475793581357","2018-08-23T17:08:51.1588656Z","0","2018-08-23T17:07:53.4320000Z","null","null","ShkDevice","636706340191412816","2018-08-23T17:07:53.4560000Z","null"
"633","Raspberry Pi Web Client","23.6842306928752","67.317623265443871","2018-08-23T17:08:51.1588656Z","0","2018-08-23T17:07:55.4810000Z","null","null","ShkDevice","636706340191412816","2018-08-23T17:07:55.5030000Z","null"
"634","Raspberry Pi Web Client","24.717608269471462","73.242047249868534","2018-08-23T17:08:51.1588656Z","0","2018-08-23T17:07:57.5070000Z","null","null","ShkDevice","636706340191412816","2018-08-23T17:07:57.5190000Z","null"
"635","Raspberry Pi Web Client","21.260969064967","70.131491225248155","2018-08-23T17:08:51.1588656Z","0","2018-08-23T17:07:59.5000000Z","null","null","ShkDevice","636706340191412816","2018-08-23T17:07:59.5140000Z","null"
"636","Raspberry Pi Web Client","29.693309458985681","74.958349906150076","2018-08-23T17:08:51.1588656Z","0","2018-08-23T17:08:01.5330000Z","null","null","ShkDevice","636706340191412816","2018-08-23T17:08:01.5340000Z","null"
"637","Raspberry Pi Web Client","22.756736173204189","74.480867900507278","2018-08-23T17:08:51.1588656Z","0","2018-08-23T17:08:03.4960000Z","null","null","ShkDevice","636706340191412816","2018-08-23T17:08:03.5050000Z","null"
"638","Raspberry Pi Web Client","20.736833776145055","61.32531010903017","2018-08-23T17:08:51.1588656Z","0","2018-08-23T17:08:05.4490000Z","null","null","ShkDevice","636706340191412816","2018-08-23T17:08:05.4420000Z","null"
"639","Raspberry Pi Web Client","27.280808125868582","64.666048810935649","2018-08-23T17:08:51.1588656Z","0","2018-08-23T17:08:07.4180000Z","null","null","ShkDevice","636706340191412816","2018-08-23T17:08:07.4150000Z","null"
"640","Raspberry Pi Web Client","31.643288322054811","64.010705836661657","2018-08-23T17:08:51.1588656Z","0","2018-08-23T17:08:09.4330000Z","null","null","ShkDevice","636706340191412816","2018-08-23T17:08:09.4330000Z","null"
"641","Raspberry Pi Web Client","26.720017583567358","79.373840098033952","2018-08-23T17:08:51.1588656Z","0","2018-08-23T17:08:11.3700000Z","null","null","ShkDevice","636706340191412816","2018-08-23T17:08:11.3710000Z","null"
"642","Raspberry Pi Web Client","21.094122361810218","77.557464517435648","2018-08-23T17:08:51.1588656Z","0","2018-08-23T17:08:13.3760000Z","null","null","ShkDevice","636706340191412816","2018-08-23T17:08:13.3870000Z","null"
"643","Raspberry Pi Web Client","27.260638583808138","66.521207510864571","2018-08-23T17:08:51.1588656Z","0","2018-08-23T17:08:15.4390000Z","null","null","ShkDevice","636706340191412816","2018-08-23T17:08:15.4350000Z","null"
"644","Raspberry Pi Web Client","23.836844478841371","62.098366650989334","2018-08-23T17:08:51.1588656Z","0","2018-08-23T17:08:17.4450000Z","null","null","ShkDevice","636706340191412816","2018-08-23T17:08:17.4580000Z","null"
"645","Raspberry Pi Web Client","23.835052422977824","64.9829782322328","2018-08-23T17:08:51.1588656Z","0","2018-08-23T17:08:19.4060000Z","null","null","ShkDevice","636706340191412816","2018-08-23T17:08:19.4110000Z","null"
"646","Raspberry Pi Web Client","27.902938217920234","69.015757055324983","2018-08-23T17:08:51.1588656Z","0","2018-08-23T17:08:21.4220000Z","null","null","ShkDevice","636706340191412816","2018-08-23T17:08:21.4260000Z","null"
"647","Raspberry Pi Web Client","21.4588644383163","65.321671662747534","2018-08-23T17:08:51.1588656Z","0","2018-08-23T17:08:23.5030000Z","null","null","ShkDevice","636706340191412816","2018-08-23T17:08:23.5040000Z","null"
"648","Raspberry Pi Web Client","23.011273727406991","72.939023973817726","2018-08-23T17:08:51.1588656Z","0","2018-08-23T17:08:25.4430000Z","null","null","ShkDevice","636706340191412816","2018-08-23T17:08:25.4420000Z","null"
"649","Raspberry Pi Web Client","29.91202567720288","68.516539886008943","2018-08-23T17:08:51.1588656Z","0","2018-08-23T17:08:27.8340000Z","null","null","ShkDevice","636706340191412816","2018-08-23T17:08:27.8350000Z","null"
"650","Raspberry Pi Web Client","24.398950131346211","70.35223319785581","2018-08-23T17:08:51.1588656Z","0","2018-08-23T17:08:29.4580000Z","null","null","ShkDevice","636706340191412816","2018-08-23T17:08:29.4760000Z","null"
"651","Raspberry Pi Web Client","26.558611767006738","66.612304936686414","2018-08-23T17:08:51.1744867Z","0","2018-08-23T17:08:31.4620000Z","null","null","ShkDevice","636706340191412816","2018-08-23T17:08:31.4760000Z","null"
"652","Raspberry Pi Web Client","31.864208356465895","73.201748651558148","2018-08-23T17:08:51.1744867Z","0","2018-08-23T17:08:33.5100000Z","null","null","ShkDevice","636706340191412816","2018-08-23T17:08:33.5230000Z","null"
"653","Raspberry Pi Web Client","28.565976414110978","70.7950011162257","2018-08-23T17:08:51.1744867Z","0","2018-08-23T17:08:35.4680000Z","null","null","ShkDevice","636706340191412816","2018-08-23T17:08:35.4790000Z","null"
"654","Raspberry Pi Web Client","21.215815868134623","69.2154832955066","2018-08-23T17:08:51.1744867Z","0","2018-08-23T17:08:37.5120000Z","null","null","ShkDevice","636706340191412816","2018-08-23T17:08:37.5100000Z","null"
"655","Raspberry Pi Web Client","29.595458505447525","62.866314280156132","2018-08-23T17:08:51.1744867Z","0","2018-08-23T17:08:39.3890000Z","null","null","ShkDevice","636706340191412816","2018-08-23T17:08:39.4030000Z","null"
"656","Raspberry Pi Web Client","24.157299124840357","69.934077435807438","2018-08-23T17:08:51.1744867Z","0","2018-08-23T17:08:41.3730000Z","null","null","ShkDevice","636706340191412816","2018-08-23T17:08:41.3870000Z","null"
"657","Raspberry Pi Web Client","24.429986912538421","61.762127789795784","2018-08-23T17:08:51.1744867Z","0","2018-08-23T17:08:43.4410000Z","null","null","ShkDevice","636706340191412816","2018-08-23T17:08:43.4390000Z","null"
"658","Raspberry Pi Web Client","24.400521838563339","65.705103526878688","2018-08-23T17:08:51.1744867Z","0","2018-08-23T17:08:45.4720000Z","null","null","ShkDevice","636706340191412816","2018-08-23T17:08:45.4710000Z","null"
"659","Raspberry Pi Web Client","25.499057522038495","78.0767531323976","2018-08-23T17:08:51.1744867Z","0","2018-08-23T17:08:47.4880000Z","null","null","ShkDevice","636706340191412816","2018-08-23T17:08:47.4960000Z","null"
"660","Raspberry Pi Web Client","21.506900199817146","63.140876134020807","2018-08-23T17:08:51.1744867Z","0","2018-08-23T17:08:49.5050000Z","null","null","ShkDevice","636706340191412816","2018-08-23T17:08:49.5140000Z","null"
"661","Raspberry Pi Web Client","23.771777970071923","68.47203540799822","2018-08-23T17:08:51.7682384Z","0","2018-08-23T17:08:51.3700000Z","null","null","ShkDevice","636706340191412816","2018-08-23T17:08:51.3910000Z","null"
"662","Raspberry Pi Web Client","29.914290869581581","75.5829326044289","2018-08-23T17:08:53.5338741Z","0","2018-08-23T17:08:53.4630000Z","null","null","ShkDevice","636706340191412816","2018-08-23T17:08:53.4900000Z","null"
"663","Raspberry Pi Web Client","21.375267123504528","67.364432531032008","2018-08-23T17:08:55.5963902Z","0","2018-08-23T17:08:55.4950000Z","null","null","ShkDevice","636706340191412816","2018-08-23T17:08:55.5210000Z","null"
"664","Raspberry Pi Web Client","26.008318507445225","65.085955084685565","2018-08-23T17:08:57.5677026Z","0","2018-08-23T17:08:57.4850000Z","null","null","ShkDevice","636706340191412816","2018-08-23T17:08:57.5050000Z","null"
"665","Raspberry Pi Web Client","31.039536022230273","77.799159850646475","2018-08-23T17:08:59.5400939Z","0","2018-08-23T17:08:59.5000000Z","null","null","ShkDevice","636706340191412816","2018-08-23T17:08:59.5210000Z","null"
"666","Raspberry Pi Web Client","25.546933035508758","75.5652128867336","2018-08-23T17:09:01.5088795Z","0","2018-08-23T17:09:01.3810000Z","null","null","ShkDevice","636706340191412816","2018-08-23T17:09:01.3960000Z","null"
"667","Raspberry Pi Web Client","23.713391940345595","72.127967866589017","2018-08-23T17:09:03.4836763Z","0","2018-08-23T17:09:03.3810000Z","null","null","ShkDevice","636706340191412816","2018-08-23T17:09:03.3920000Z","null"
"668","Raspberry Pi Web Client","30.078238336136259","71.879832679713786","2018-08-23T17:09:05.5618151Z","0","2018-08-23T17:09:05.4430000Z","null","null","ShkDevice","636706340191412816","2018-08-23T17:09:05.4580000Z","null"
"669","Raspberry Pi Web Client","31.788301989450211","75.533905642986866","2018-08-23T17:09:07.5305990Z","0","2018-08-23T17:09:07.4330000Z","null","null","ShkDevice","636706340191412816","2018-08-23T17:09:07.4430000Z","null"
"670","Raspberry Pi Web Client","24.2046073728155","62.960921473619351","2018-08-23T17:09:10.4681010Z","0","2018-08-23T17:09:09.3840000Z","null","null","ShkDevice","636706340191412816","2018-08-23T17:09:09.3800000Z","null"
"671","Raspberry Pi Web Client","28.385341806312443","61.250630829201796","2018-08-23T17:09:11.5618597Z","0","2018-08-23T17:09:11.4320000Z","null","null","ShkDevice","636706340191412816","2018-08-23T17:09:11.4420000Z","null"
"672","Raspberry Pi Web Client","30.976063928333971","75.861202819586538","2018-08-23T17:09:13.5462415Z","0","2018-08-23T17:09:13.3890000Z","null","null","ShkDevice","636706340191412816","2018-08-23T17:09:13.3960000Z","null"
"673","Raspberry Pi Web Client","29.892396692275174","63.40986158075674","2018-08-23T17:09:15.5149954Z","0","2018-08-23T17:09:15.3750000Z","null","null","ShkDevice","636706340191412816","2018-08-23T17:09:15.3960000Z","null"
"674","Raspberry Pi Web Client","29.661773724606718","62.34870653622027","2018-08-23T17:09:17.4897180Z","0","2018-08-23T17:09:17.4060000Z","null","null","ShkDevice","636706340191412816","2018-08-23T17:09:17.4110000Z","null"
"675","Raspberry Pi Web Client","23.281925791575311","74.019903802290116","2018-08-23T17:09:19.4626408Z","0","2018-08-23T17:09:19.3670000Z","null","null","ShkDevice","636706340191412816","2018-08-23T17:09:19.3640000Z","null"
"676","Raspberry Pi Web Client","26.71790101070226","67.309174503271777","2018-08-23T17:09:21.5566230Z","0","2018-08-23T17:09:21.4700000Z","null","null","ShkDevice","636706340191412816","2018-08-23T17:09:21.4730000Z","null"
"677","Raspberry Pi Web Client","22.047830990975822","67.527364825878522","2018-08-23T17:09:23.5314636Z","0","2018-08-23T17:09:23.3690000Z","null","null","ShkDevice","636706340191412816","2018-08-23T17:09:23.3660000Z","null"
"678","Raspberry Pi Web Client","28.044849143949598","60.213343008963164","2018-08-23T17:09:25.5002460Z","0","2018-08-23T17:09:25.4270000Z","null","null","ShkDevice","636706340191412816","2018-08-23T17:09:25.4300000Z","null"
"679","Raspberry Pi Web Client","28.387378610875938","68.165585914101172","2018-08-23T17:09:27.4697572Z","0","2018-08-23T17:09:27.3960000Z","null","null","ShkDevice","636706340191412816","2018-08-23T17:09:27.3990000Z","null"
"680","Raspberry Pi Web Client","23.641748215564334","69.131072110096753","2018-08-23T17:09:29.5500157Z","0","2018-08-23T17:09:29.4110000Z","null","null","ShkDevice","636706340191412816","2018-08-23T17:09:29.4300000Z","null"
"681","Raspberry Pi Web Client","29.500938982494937","73.123312285422926","2018-08-23T17:09:31.5187858Z","0","2018-08-23T17:09:31.4520000Z","null","null","ShkDevice","636706340191412816","2018-08-23T17:09:31.4500000Z","null"
"682","Raspberry Pi Web Client","29.565056728578295","76.082311692152","2018-08-23T17:09:33.6003517Z","0","2018-08-23T17:09:33.5250000Z","null","null","ShkDevice","636706340191412816","2018-08-23T17:09:33.5340000Z","null"
"683","Raspberry Pi Web Client","28.556046545670711","65.965751088049657","2018-08-23T17:09:35.7000479Z","0","2018-08-23T17:09:35.6120000Z","null","null","ShkDevice","636706340191412816","2018-08-23T17:09:35.6270000Z","null"
"684","Raspberry Pi Web Client","31.157879274297947","78.7290396826165","2018-08-23T17:09:37.5621587Z","0","2018-08-23T17:09:37.4870000Z","null","null","ShkDevice","636706340191412816","2018-08-23T17:09:37.4940000Z","null"
"685","Raspberry Pi Web Client","22.321935655595759","67.296567803894575","2018-08-23T17:09:39.5323637Z","0","2018-08-23T17:09:39.4600000Z","null","null","ShkDevice","636706340191412816","2018-08-23T17:09:39.4620000Z","null"
"686","Raspberry Pi Web Client","26.362926478377688","65.738614552376674","2018-08-23T17:09:41.6104630Z","0","2018-08-23T17:09:41.4910000Z","null","null","ShkDevice","636706340191412816","2018-08-23T17:09:41.4970000Z","null"
"687","Raspberry Pi Web Client","26.352999468562359","72.837978743641742","2018-08-23T17:09:43.5792263Z","0","2018-08-23T17:09:43.4370000Z","null","null","ShkDevice","636706340191412816","2018-08-23T17:09:43.4370000Z","null"
"688","Raspberry Pi Web Client","26.75495678200652","72.317602231202173","2018-08-23T17:09:45.6573624Z","0","2018-08-23T17:09:45.5710000Z","null","null","ShkDevice","636706340191412816","2018-08-23T17:09:45.5780000Z","null"
"689","Raspberry Pi Web Client","28.358333806806321","71.708301951020914","2018-08-23T17:09:47.6261279Z","0","2018-08-23T17:09:47.5440000Z","null","null","ShkDevice","636706340191412816","2018-08-23T17:09:47.5470000Z","null"
"690","Raspberry Pi Web Client","26.225826953690262","77.343740334612733","2018-08-23T17:09:49.5954746Z","0","2018-08-23T17:09:49.5030000Z","null","null","ShkDevice","636706340191412816","2018-08-23T17:09:49.5040000Z","null"
"691","Raspberry Pi Web Client","25.124039550070137","76.511639230869889","2018-08-23T17:09:51.5649914Z","0","2018-08-23T17:09:51.4650000Z","null","null","ShkDevice","636706340191412816","2018-08-23T17:09:51.4820000Z","null"
"692","Raspberry Pi Web Client","26.112881264001459","73.992814667002747","2018-08-23T17:09:53.6432315Z","0","2018-08-23T17:09:53.5750000Z","null","null","ShkDevice","636706340191412816","2018-08-23T17:09:53.5820000Z","null"
"693","Raspberry Pi Web Client","23.125778320357718","64.355526972446043","2018-08-23T17:09:55.6120081Z","0","2018-08-23T17:09:55.4860000Z","null","null","ShkDevice","636706340191412816","2018-08-23T17:09:55.5040000Z","null"
"694","Raspberry Pi Web Client","28.073509447406447","66.486803148109672","2018-08-23T17:09:57.5963973Z","0","2018-08-23T17:09:57.4320000Z","null","null","ShkDevice","636706340191412816","2018-08-23T17:09:57.4430000Z","null"
"695","Raspberry Pi Web Client","25.046887314733326","65.259867562012971","2018-08-23T17:09:59.5720914Z","0","2018-08-23T17:09:59.5020000Z","null","null","ShkDevice","636706340191412816","2018-08-23T17:09:59.5050000Z","null"
"696","Raspberry Pi Web Client","23.935375142188271","61.624923942267429","2018-08-23T17:10:01.5408521Z","0","2018-08-23T17:10:01.4930000Z","null","null","ShkDevice","636706340191412816","2018-08-23T17:10:01.5050000Z","null"
"697","Raspberry Pi Web Client","24.812676077482344","72.757999124783993","2018-08-23T17:10:03.6189972Z","0","2018-08-23T17:10:03.4820000Z","null","null","ShkDevice","636706340191412816","2018-08-23T17:10:03.4940000Z","null"
"698","Raspberry Pi Web Client","20.032664242631292","76.651541020322128","2018-08-23T17:10:05.9158810Z","0","2018-08-23T17:10:05.5010000Z","null","null","ShkDevice","636706340191412816","2018-08-23T17:10:05.5050000Z","null"
"699","Raspberry Pi Web Client","30.859016034412917","61.094802515548125","2018-08-23T17:10:07.6857825Z","0","2018-08-23T17:10:07.6100000Z","null","null","ShkDevice","636706340191412816","2018-08-23T17:10:07.6240000Z","null"
"700","Raspberry Pi Web Client","23.903482012735051","63.241430597866433","2018-08-23T17:10:09.8732987Z","0","2018-08-23T17:10:09.7060000Z","null","null","ShkDevice","636706340191412816","2018-08-23T17:10:09.7190000Z","null"
"701","Raspberry Pi Web Client","21.248501077212982","72.746969324358531","2018-08-23T17:10:11.9514451Z","0","2018-08-23T17:10:11.7690000Z","null","null","ShkDevice","636706340191412816","2018-08-23T17:10:11.7860000Z","null"
"702","Raspberry Pi Web Client","31.286616605688977","60.996843677772588","2018-08-23T17:10:13.5932438Z","0","2018-08-23T17:10:13.5420000Z","null","null","ShkDevice","636706340191412816","2018-08-23T17:10:13.5510000Z","null"
"703","Raspberry Pi Web Client","27.859187152608882","67.4231025532777","2018-08-23T17:10:15.5620099Z","0","2018-08-23T17:10:15.4060000Z","null","null","ShkDevice","636706340191412816","2018-08-23T17:10:15.4110000Z","null"
"704","Raspberry Pi Web Client","21.869540688797677","77.746826180880632","2018-08-23T17:10:17.6301528Z","0","2018-08-23T17:10:17.4770000Z","null","null","ShkDevice","636706340191412816","2018-08-23T17:10:17.4890000Z","null"
"705","Raspberry Pi Web Client","27.812087674040676","66.026064191602842","2018-08-23T17:10:19.5989010Z","0","2018-08-23T17:10:19.4990000Z","null","null","ShkDevice","636706340191412816","2018-08-23T17:10:19.5080000Z","null"
"706","Raspberry Pi Web Client","21.986447330527461","69.972829951665275","2018-08-23T17:10:21.6758033Z","0","2018-08-23T17:10:21.5000000Z","null","null","ShkDevice","636706340191412816","2018-08-23T17:10:21.5240000Z","null"
"707","Raspberry Pi Web Client","21.253580740360309","60.12225615616623","2018-08-23T17:10:23.5340489Z","0","2018-08-23T17:10:23.4870000Z","null","null","ShkDevice","636706340191412816","2018-08-23T17:10:23.4840000Z","null"
"708","Raspberry Pi Web Client","20.671166769500285","73.523831380039226","2018-08-23T17:10:25.5026336Z","0","2018-08-23T17:10:25.4340000Z","null","null","ShkDevice","636706340191412816","2018-08-23T17:10:25.4500000Z","null"
"709","Raspberry Pi Web Client","22.179960003426164","77.687435332796952","2018-08-23T17:10:27.5807460Z","0","2018-08-23T17:10:27.4790000Z","null","null","ShkDevice","636706340191412816","2018-08-23T17:10:27.4810000Z","null"
"710","Raspberry Pi Web Client","22.251577728746923","60.369748551889295","2018-08-23T17:10:29.5622944Z","0","2018-08-23T17:10:29.4790000Z","null","null","ShkDevice","636706340191412816","2018-08-23T17:10:29.4810000Z","null"
"711","Raspberry Pi Web Client","27.618003109302059","77.746535701007531","2018-08-23T17:10:31.5321234Z","0","2018-08-23T17:10:31.4330000Z","null","null","ShkDevice","636706340191412816","2018-08-23T17:10:31.4250000Z","null"
"712","Raspberry Pi Web Client","30.087442680731471","74.367468496669915","2018-08-23T17:10:33.4957160Z","0","2018-08-23T17:10:33.4480000Z","null","null","ShkDevice","636706340191412816","2018-08-23T17:10:33.4450000Z","null"
"713","Raspberry Pi Web Client","20.967026817290524","65.785728060708621","2018-08-23T17:10:35.5739863Z","0","2018-08-23T17:10:35.4860000Z","null","null","ShkDevice","636706340191412816","2018-08-23T17:10:35.4950000Z","null"
"714","Raspberry Pi Web Client","26.959014466975397","70.379870212697455","2018-08-23T17:10:37.5610932Z","0","2018-08-23T17:10:37.4710000Z","null","null","ShkDevice","636706340191412816","2018-08-23T17:10:37.4840000Z","null"
"715","Raspberry Pi Web Client","28.415175209154128","67.874027385833045","2018-08-23T17:10:39.5334373Z","0","2018-08-23T17:10:39.4600000Z","null","null","ShkDevice","636706340191412816","2018-08-23T17:10:39.4560000Z","null"
"716","Raspberry Pi Web Client","28.684762124998024","62.497095562759085","2018-08-23T17:10:41.5026536Z","0","2018-08-23T17:10:41.4290000Z","null","null","ShkDevice","636706340191412816","2018-08-23T17:10:41.4420000Z","null"
"717","Raspberry Pi Web Client","25.265976620091912","72.7548207426997","2018-08-23T17:10:43.5808744Z","0","2018-08-23T17:10:43.4790000Z","null","null","ShkDevice","636706340191412816","2018-08-23T17:10:43.4920000Z","null"
"718","Raspberry Pi Web Client","24.648932551448155","79.7811287732351","2018-08-23T17:10:45.5496427Z","0","2018-08-23T17:10:45.4370000Z","null","null","ShkDevice","636706340191412816","2018-08-23T17:10:45.4380000Z","null"
"719","Raspberry Pi Web Client","21.689899799078745","66.254178943161975","2018-08-23T17:10:47.6277888Z","0","2018-08-23T17:10:47.4900000Z","null","null","ShkDevice","636706340191412816","2018-08-23T17:10:47.4870000Z","null"
"720","Raspberry Pi Web Client","22.448417030973083","79.912850187181633","2018-08-23T17:10:49.4871679Z","0","2018-08-23T17:10:49.4430000Z","null","null","ShkDevice","636706340191412816","2018-08-23T17:10:49.4470000Z","null"
"721","Raspberry Pi Web Client","26.022356676280637","78.80779618431967","2018-08-23T17:10:51.7840467Z","0","2018-08-23T17:10:51.4470000Z","null","null","ShkDevice","636706340191412816","2018-08-23T17:10:51.4510000Z","null"
"722","Raspberry Pi Web Client","28.049287986166721","69.743607199358067","2018-08-23T17:10:53.5348117Z","0","2018-08-23T17:10:53.4520000Z","null","null","ShkDevice","636706340191412816","2018-08-23T17:10:53.4550000Z","null"
"723","Raspberry Pi Web Client","27.325521399220847","74.3986978661113","2018-08-23T17:10:55.6133836Z","0","2018-08-23T17:10:55.4860000Z","null","null","ShkDevice","636706340191412816","2018-08-23T17:10:55.5050000Z","null"
"724","Raspberry Pi Web Client","27.014720625342118","63.647575928012941","2018-08-23T17:10:57.6155073Z","0","2018-08-23T17:10:57.5250000Z","null","null","ShkDevice","636706340191412816","2018-08-23T17:10:57.5220000Z","null"
"725","Raspberry Pi Web Client","26.609919480988538","62.049859035541068","2018-08-23T17:10:58.8186503Z","0","2018-08-23T17:10:58.7710000Z","null","null","ShkDevice","636706340191412816","2018-08-23T17:10:58.7720000Z","null"
"726","Raspberry Pi Web Client","20.58901587452565","78.906395381066474","2018-08-23T17:11:01.6624080Z","0","2018-08-23T17:11:01.5350000Z","null","null","ShkDevice","636706340191412816","2018-08-23T17:11:01.5410000Z","null"
"727","Raspberry Pi Web Client","21.717479361224285","76.655280519832971","2018-08-23T17:11:03.6341242Z","0","2018-08-23T17:11:03.5510000Z","null","null","ShkDevice","636706340191412816","2018-08-23T17:11:03.5570000Z","null"
"728","Raspberry Pi Web Client","26.691290450740418","73.589743758389048","2018-08-23T17:11:05.4935151Z","0","2018-08-23T17:11:05.4020000Z","null","null","ShkDevice","636706340191412816","2018-08-23T17:11:05.4010000Z","null"
"729","Raspberry Pi Web Client","28.274272047237677","79.685084862872912","2018-08-23T17:11:07.5872730Z","0","2018-08-23T17:11:07.4820000Z","null","null","ShkDevice","636706340191412816","2018-08-23T17:11:07.4820000Z","null"
"730","Raspberry Pi Web Client","23.33716515890735","75.707619978329788","2018-08-23T17:11:09.5560385Z","0","2018-08-23T17:11:09.4350000Z","null","null","ShkDevice","636706340191412816","2018-08-23T17:11:09.4510000Z","null"
"731","Raspberry Pi Web Client","26.860007774581895","77.010704599094453","2018-08-23T17:11:11.5265171Z","0","2018-08-23T17:11:11.3830000Z","null","null","ShkDevice","636706340191412816","2018-08-23T17:11:11.3930000Z","null"
"732","Raspberry Pi Web Client","25.005323259122072","73.843917606268434","2018-08-23T17:11:13.6046293Z","0","2018-08-23T17:11:13.4000000Z","null","null","ShkDevice","636706340191412816","2018-08-23T17:11:13.4090000Z","null"
"733","Raspberry Pi Web Client","24.085666589339457","77.1546828392599","2018-08-23T17:11:15.5733832Z","0","2018-08-23T17:11:15.4320000Z","null","null","ShkDevice","636706340191412816","2018-08-23T17:11:15.4400000Z","null"
"734","Raspberry Pi Web Client","24.229020894466348","69.283294794464368","2018-08-23T17:11:17.5432219Z","0","2018-08-23T17:11:17.4700000Z","null","null","ShkDevice","636706340191412816","2018-08-23T17:11:17.4710000Z","null"
"735","Raspberry Pi Web Client","21.919153029456606","75.440450766841337","2018-08-23T17:11:19.5120080Z","0","2018-08-23T17:11:19.4620000Z","null","null","ShkDevice","636706340191412816","2018-08-23T17:11:19.4740000Z","null"
"736","Raspberry Pi Web Client","27.830168672231789","75.921853111021576","2018-08-23T17:11:21.5901204Z","0","2018-08-23T17:11:21.5410000Z","null","null","ShkDevice","636706340191412816","2018-08-23T17:11:21.5360000Z","null"
"737","Raspberry Pi Web Client","26.931004204706102","68.412786438177022","2018-08-23T17:11:23.5612035Z","0","2018-08-23T17:11:23.4160000Z","null","null","ShkDevice","636706340191412816","2018-08-23T17:11:23.4140000Z","null"
"738","Raspberry Pi Web Client","26.281260491693644","71.017645516137463","2018-08-23T17:11:25.5424757Z","0","2018-08-23T17:11:25.3990000Z","null","null","ShkDevice","636706340191412816","2018-08-23T17:11:25.3990000Z","null"
"739","Raspberry Pi Web Client","24.190541971620625","68.6069927050821","2018-08-23T17:11:27.5050724Z","0","2018-08-23T17:11:27.3870000Z","null","null","ShkDevice","636706340191412816","2018-08-23T17:11:27.4040000Z","null"
"740","Raspberry Pi Web Client","30.54064585147167","70.661913605008891","2018-08-23T17:11:29.9104368Z","0","2018-08-23T17:11:29.8010000Z","null","null","ShkDevice","636706340191412816","2018-08-23T17:11:29.8150000Z","null"
"741","Raspberry Pi Web Client","29.488639104333622","68.018913359592446","2018-08-23T17:11:31.6605633Z","0","2018-08-23T17:11:31.6150000Z","null","null","ShkDevice","636706340191412816","2018-08-23T17:11:31.6280000Z","null"
"742","Raspberry Pi Web Client","27.595687113236266","67.619173114879089","2018-08-23T17:11:33.5199323Z","0","2018-08-23T17:11:33.3810000Z","null","null","ShkDevice","636706340191412816","2018-08-23T17:11:33.3930000Z","null"
"743","Raspberry Pi Web Client","29.074218345168966","76.218734846604619","2018-08-23T17:11:35.4886910Z","0","2018-08-23T17:11:35.4280000Z","null","null","ShkDevice","636706340191412816","2018-08-23T17:11:35.4430000Z","null"
"744","Raspberry Pi Web Client","29.727198585969671","65.361488070342972","2018-08-23T17:11:37.5715698Z","0","2018-08-23T17:11:37.4840000Z","null","null","ShkDevice","636706340191412816","2018-08-23T17:11:37.5050000Z","null"
"745","Raspberry Pi Web Client","22.43267610583073","66.956719765387831","2018-08-23T17:11:39.5400503Z","0","2018-08-23T17:11:39.4010000Z","null","null","ShkDevice","636706340191412816","2018-08-23T17:11:39.4120000Z","null"
"746","Raspberry Pi Web Client","24.986306885783581","75.800979314618914","2018-08-23T17:11:41.6222517Z","0","2018-08-23T17:11:41.4830000Z","null","null","ShkDevice","636706340191412816","2018-08-23T17:11:41.4990000Z","null"
"747","Raspberry Pi Web Client","25.752514619485467","61.827798985611274","2018-08-23T17:11:43.4879763Z","0","2018-08-23T17:11:43.4070000Z","null","null","ShkDevice","636706340191412816","2018-08-23T17:11:43.4070000Z","null"
"748","Raspberry Pi Web Client","25.807762773482153","69.358851878185874","2018-08-23T17:11:45.5668142Z","0","2018-08-23T17:11:45.4520000Z","null","null","ShkDevice","636706340191412816","2018-08-23T17:11:45.4570000Z","null"
"749","Raspberry Pi Web Client","26.384298534708108","70.759730664255088","2018-08-23T17:11:47.5356611Z","0","2018-08-23T17:11:47.4050000Z","null","null","ShkDevice","636706340191412816","2018-08-23T17:11:47.4100000Z","null"
"750","Raspberry Pi Web Client","27.062410837136895","64.410459422951945","2018-08-23T17:11:49.6138086Z","0","2018-08-23T17:11:49.4600000Z","null","null","ShkDevice","636706340191412816","2018-08-23T17:11:49.4750000Z","null"
"751","Raspberry Pi Web Client","27.600967047724506","75.7701779258177","2018-08-23T17:11:51.4731917Z","0","2018-08-23T17:11:51.4320000Z","null","null","ShkDevice","636706340191412816","2018-08-23T17:11:51.4360000Z","null"
"752","Raspberry Pi Web Client","28.916357411359378","74.619534355191746","2018-08-23T17:11:53.5513111Z","0","2018-08-23T17:11:53.4500000Z","null","null","ShkDevice","636706340191412816","2018-08-23T17:11:53.4710000Z","null"
"753","Raspberry Pi Web Client","30.478013026938868","73.117969732227024","2018-08-23T17:11:55.6294501Z","0","2018-08-23T17:11:55.5280000Z","null","null","ShkDevice","636706340191412816","2018-08-23T17:11:55.5330000Z","null"
"754","Raspberry Pi Web Client","28.162267278094589","62.921612134064553","2018-08-23T17:11:57.5038351Z","0","2018-08-23T17:11:57.4370000Z","null","null","ShkDevice","636706340191412816","2018-08-23T17:11:57.4550000Z","null"
"755","Raspberry Pi Web Client","20.630554289170675","78.3517782661803","2018-08-23T17:11:59.4716048Z","0","2018-08-23T17:11:59.3830000Z","null","null","ShkDevice","636706340191412816","2018-08-23T17:11:59.3920000Z","null"
"756","Raspberry Pi Web Client","23.747495570211289","71.567860487866426","2018-08-23T17:12:01.5497129Z","0","2018-08-23T17:12:01.4310000Z","null","null","ShkDevice","636706340191412816","2018-08-23T17:12:01.4380000Z","null"
"757","Raspberry Pi Web Client","28.767299901003522","67.496437091970037","2018-08-23T17:12:03.5184604Z","0","2018-08-23T17:12:03.4310000Z","null","null","ShkDevice","636706340191412816","2018-08-23T17:12:03.4380000Z","null"
"758","Raspberry Pi Web Client","29.896476874584721","78.2036830329189","2018-08-23T17:12:05.4936129Z","0","2018-08-23T17:12:05.4010000Z","null","null","ShkDevice","636706340191412816","2018-08-23T17:12:05.4070000Z","null"
"759","Raspberry Pi Web Client","22.012341524328292","75.826696405450662","2018-08-23T17:12:07.5717839Z","0","2018-08-23T17:12:07.4010000Z","null","null","ShkDevice","636706340191412816","2018-08-23T17:12:07.3990000Z","null"
"760","Raspberry Pi Web Client","21.417281317216649","64.298262056463059","2018-08-23T17:12:09.5405624Z","0","2018-08-23T17:12:09.4650000Z","null","null","ShkDevice","636706340191412816","2018-08-23T17:12:09.4770000Z","null"
"761","Raspberry Pi Web Client","23.308936115071671","69.325496782351223","2018-08-23T17:12:11.5093048Z","0","2018-08-23T17:12:11.4190000Z","null","null","ShkDevice","636706340191412816","2018-08-23T17:12:11.4300000Z","null"
"762","Raspberry Pi Web Client","20.917513441290591","77.869364657227464","2018-08-23T17:12:13.5874533Z","0","2018-08-23T17:12:13.4090000Z","null","null","ShkDevice","636706340191412816","2018-08-23T17:12:13.4140000Z","null"
"763","Raspberry Pi Web Client","20.472891074883066","64.160936854457617","2018-08-23T17:12:15.5562158Z","0","2018-08-23T17:12:15.4220000Z","null","null","ShkDevice","636706340191412816","2018-08-23T17:12:15.4480000Z","null"
"764","Raspberry Pi Web Client","27.885325643688425","76.225115698525585","2018-08-23T17:12:17.6343506Z","0","2018-08-23T17:12:17.5010000Z","null","null","ShkDevice","636706340191412816","2018-08-23T17:12:17.5250000Z","null"
"765","Raspberry Pi Web Client","23.946137527414933","61.935987100324674","2018-08-23T17:12:19.6031077Z","0","2018-08-23T17:12:19.4600000Z","null","null","ShkDevice","636706340191412816","2018-08-23T17:12:19.4780000Z","null"
"766","Raspberry Pi Web Client","23.257686305715978","64.801390004426736","2018-08-23T17:12:21.9065368Z","0","2018-08-23T17:12:21.7640000Z","null","null","ShkDevice","636706340191412816","2018-08-23T17:12:21.7860000Z","null"
"767","Raspberry Pi Web Client","28.966036844638069","64.37718766063999","2018-08-23T17:12:23.6565857Z","0","2018-08-23T17:12:23.5450000Z","null","null","ShkDevice","636706340191412816","2018-08-23T17:12:23.5680000Z","null"
"768","Raspberry Pi Web Client","26.801237531807345","60.036615259573139","2018-08-23T17:12:25.6214446Z","0","2018-08-23T17:12:25.4770000Z","null","null","ShkDevice","636706340191412816","2018-08-23T17:12:25.4890000Z","null"
"769","Raspberry Pi Web Client","30.335572409743474","62.59951214123069","2018-08-23T17:12:27.5925285Z","0","2018-08-23T17:12:27.4460000Z","null","null","ShkDevice","636706340191412816","2018-08-23T17:12:27.4580000Z","null"
"770","Raspberry Pi Web Client","29.643681264341964","72.348006773266562","2018-08-23T17:12:29.5724264Z","0","2018-08-23T17:12:29.4470000Z","null","null","ShkDevice","636706340191412816","2018-08-23T17:12:29.4740000Z","null"
"771","Raspberry Pi Web Client","25.538775524284119","74.585832253389555","2018-08-23T17:12:31.5352672Z","0","2018-08-23T17:12:31.4480000Z","null","null","ShkDevice","636706340191412816","2018-08-23T17:12:31.4560000Z","null"
"772","Raspberry Pi Web Client","23.818972037109575","61.115728765591932","2018-08-23T17:12:33.6126579Z","0","2018-08-23T17:12:33.4830000Z","null","null","ShkDevice","636706340191412816","2018-08-23T17:12:33.5050000Z","null"
"773","Raspberry Pi Web Client","21.718952043018092","79.572021787011209","2018-08-23T17:12:35.5812688Z","0","2018-08-23T17:12:35.4830000Z","null","null","ShkDevice","636706340191412816","2018-08-23T17:12:35.5090000Z","null"
"774","Raspberry Pi Web Client","28.927587066209679","74.452609057651159","2018-08-23T17:12:37.5500693Z","0","2018-08-23T17:12:37.5140000Z","null","null","ShkDevice","636706340191412816","2018-08-23T17:12:37.5310000Z","null"
"775","Raspberry Pi Web Client","21.223600333495924","75.384848363081446","2018-08-23T17:12:39.5188087Z","0","2018-08-23T17:12:39.4330000Z","null","null","ShkDevice","636706340191412816","2018-08-23T17:12:39.4390000Z","null"
"776","Raspberry Pi Web Client","23.53629999358192","60.504470152755886","2018-08-23T17:12:41.4877308Z","0","2018-08-23T17:12:41.4290000Z","null","null","ShkDevice","636706340191412816","2018-08-23T17:12:41.4420000Z","null"
"777","Raspberry Pi Web Client","28.895920639733411","62.769278431163393","2018-08-23T17:12:43.5656914Z","0","2018-08-23T17:12:43.4310000Z","null","null","ShkDevice","636706340191412816","2018-08-23T17:12:43.4580000Z","null"
"778","Raspberry Pi Web Client","28.287991639228615","71.828338652604984","2018-08-23T17:12:45.5372339Z","0","2018-08-23T17:12:45.4720000Z","null","null","ShkDevice","636706340191412816","2018-08-23T17:12:45.4890000Z","null"
"779","Raspberry Pi Web Client","24.16100116987954","78.213212288871162","2018-08-23T17:12:47.5030418Z","0","2018-08-23T17:12:47.3960000Z","null","null","ShkDevice","636706340191412816","2018-08-23T17:12:47.4110000Z","null"
"780","Raspberry Pi Web Client","21.704602575896686","66.7759124444754","2018-08-23T17:12:49.4873654Z","0","2018-08-23T17:12:49.3990000Z","null","null","ShkDevice","636706340191412816","2018-08-23T17:12:49.4110000Z","null"
"781","Raspberry Pi Web Client","22.794476317679663","61.666220727454814","2018-08-23T17:12:51.4561612Z","0","2018-08-23T17:12:51.3930000Z","null","null","ShkDevice","636706340191412816","2018-08-23T17:12:51.4110000Z","null"
"782","Raspberry Pi Web Client","21.324538656672015","67.125251244557759","2018-08-23T17:12:53.5342461Z","0","2018-08-23T17:12:53.4160000Z","null","null","ShkDevice","636706340191412816","2018-08-23T17:12:53.4260000Z","null"
"783","Raspberry Pi Web Client","30.981321593198238","64.372624275522668","2018-08-23T17:12:55.8311977Z","0","2018-08-23T17:12:55.7810000Z","null","null","ShkDevice","636706340191412816","2018-08-23T17:12:55.7860000Z","null"
"784","Raspberry Pi Web Client","30.513425439394851","60.682577615955374","2018-08-23T17:12:57.4718045Z","0","2018-08-23T17:12:57.3750000Z","null","null","ShkDevice","636706340191412816","2018-08-23T17:12:57.3950000Z","null"
"785","Raspberry Pi Web Client","21.854270721254327","65.169864770618631","2018-08-23T17:12:59.5655770Z","0","2018-08-23T17:12:59.5330000Z","null","null","ShkDevice","636706340191412816","2018-08-23T17:12:59.5390000Z","null"
"786","Raspberry Pi Web Client","26.319985860966447","77.1923511297037","2018-08-23T17:13:01.6436606Z","0","2018-08-23T17:13:01.5350000Z","null","null","ShkDevice","636706340191412816","2018-08-23T17:13:01.5390000Z","null"
"787","Raspberry Pi Web Client","28.214623564874088","79.481250203649552","2018-08-23T17:13:03.6151865Z","0","2018-08-23T17:13:03.4880000Z","null","null","ShkDevice","636706340191412816","2018-08-23T17:13:03.4940000Z","null"
"788","Raspberry Pi Web Client","28.843731753437709","76.915556392581919","2018-08-23T17:13:05.5839417Z","0","2018-08-23T17:13:05.5190000Z","null","null","ShkDevice","636706340191412816","2018-08-23T17:13:05.5280000Z","null"
"789","Raspberry Pi Web Client","20.60444365216436","72.737588173878748","2018-08-23T17:13:08.5370938Z","0","2018-08-23T17:13:08.0870000Z","null","null","ShkDevice","636706340191412816","2018-08-23T17:13:08.0960000Z","null"
"790","Raspberry Pi Web Client","21.420734631071809","78.905514638381518","2018-08-23T17:13:09.9589740Z","0","2018-08-23T17:13:09.8220000Z","null","null","ShkDevice","636706340191412816","2018-08-23T17:13:09.8310000Z","null"
"791","Raspberry Pi Web Client","22.213000792564792","68.907767005440292","2018-08-23T17:13:11.5996097Z","0","2018-08-23T17:13:11.5100000Z","null","null","ShkDevice","636706340191412816","2018-08-23T17:13:11.5180000Z","null"
"792","Raspberry Pi Web Client","24.065658250014806","77.847744707986834","2018-08-23T17:13:13.5683707Z","0","2018-08-23T17:13:13.4190000Z","null","null","ShkDevice","636706340191412816","2018-08-23T17:13:13.4270000Z","null"
"793","Raspberry Pi Web Client","21.249450486655885","74.458873347205341","2018-08-23T17:13:15.6465137Z","0","2018-08-23T17:13:15.5540000Z","null","null","ShkDevice","636706340191412816","2018-08-23T17:13:15.5520000Z","null"
"794","Raspberry Pi Web Client","26.422459537766319","60.363880223560891","2018-08-23T17:13:17.6179200Z","0","2018-08-23T17:13:17.4920000Z","null","null","ShkDevice","636706340191412816","2018-08-23T17:13:17.4960000Z","null"
"795","Raspberry Pi Web Client","21.311899116421564","77.402529558122467","2018-08-23T17:13:19.4929421Z","0","2018-08-23T17:13:19.3830000Z","null","null","ShkDevice","636706340191412816","2018-08-23T17:13:19.4040000Z","null"
"796","Raspberry Pi Web Client","25.837990979858404","74.765543774462245","2018-08-23T17:13:21.5710726Z","0","2018-08-23T17:13:21.5100000Z","null","null","ShkDevice","636706340191412816","2018-08-23T17:13:21.5300000Z","null"
"797","Raspberry Pi Web Client","20.188704588264656","74.1759172065983","2018-08-23T17:13:23.6492176Z","0","2018-08-23T17:13:23.4640000Z","null","null","ShkDevice","636706340191412816","2018-08-23T17:13:23.4710000Z","null"
"798","Raspberry Pi Web Client","31.288452208310005","75.552808837024159","2018-08-23T17:13:25.5086036Z","0","2018-08-23T17:13:25.4200000Z","null","null","ShkDevice","636706340191412816","2018-08-23T17:13:25.4240000Z","null"
"799","Raspberry Pi Web Client","25.8840477356206","71.869414131194745","2018-08-23T17:13:27.5867426Z","0","2018-08-23T17:13:27.4540000Z","null","null","ShkDevice","636706340191412816","2018-08-23T17:13:27.4580000Z","null"
"800","Raspberry Pi Web Client","30.184592654427753","65.65848855023242","2018-08-23T17:13:29.5555080Z","0","2018-08-23T17:13:29.4320000Z","null","null","ShkDevice","636706340191412816","2018-08-23T17:13:29.4420000Z","null"
"801","Raspberry Pi Web Client","21.365554406584295","61.281307788304559","2018-08-23T17:13:31.6366461Z","0","2018-08-23T17:13:31.5420000Z","null","null","ShkDevice","636706340191412816","2018-08-23T17:13:31.5510000Z","null"
"802","Raspberry Pi Web Client","25.33277804863252","67.922453466389456","2018-08-23T17:13:33.6095361Z","0","2018-08-23T17:13:33.4650000Z","null","null","ShkDevice","636706340191412816","2018-08-23T17:13:33.4730000Z","null"
"803","Raspberry Pi Web Client","27.204572247149223","74.608764903584643","2018-08-23T17:13:35.5834602Z","0","2018-08-23T17:13:35.4520000Z","null","null","ShkDevice","636706340191412816","2018-08-23T17:13:35.4590000Z","null"
"804","Raspberry Pi Web Client","27.573820015441225","63.927602484356726","2018-08-23T17:13:37.5530770Z","0","2018-08-23T17:13:37.4220000Z","null","null","ShkDevice","636706340191412816","2018-08-23T17:13:37.4400000Z","null"
"805","Raspberry Pi Web Client","27.199909360214342","63.4064652511933","2018-08-23T17:13:39.6469351Z","0","2018-08-23T17:13:39.5470000Z","null","null","ShkDevice","636706340191412816","2018-08-23T17:13:39.5490000Z","null"
"806","Raspberry Pi Web Client","26.693155625960195","73.366489252543573","2018-08-23T17:13:41.6156854Z","0","2018-08-23T17:13:41.5190000Z","null","null","ShkDevice","636706340191412816","2018-08-23T17:13:41.5330000Z","null"
"807","Raspberry Pi Web Client","20.761821226905173","74.061912888724279","2018-08-23T17:13:43.5844865Z","0","2018-08-23T17:13:43.4610000Z","null","null","ShkDevice","636706340191412816","2018-08-23T17:13:43.4710000Z","null"
"808","Raspberry Pi Web Client","26.082890273344624","62.853423823664272","2018-08-23T17:13:45.5689991Z","0","2018-08-23T17:13:45.4470000Z","null","null","ShkDevice","636706340191412816","2018-08-23T17:13:45.4550000Z","null"
"809","Raspberry Pi Web Client","21.27971341496292","78.800216768484816","2018-08-23T17:13:47.5377570Z","0","2018-08-23T17:13:47.4400000Z","null","null","ShkDevice","636706340191412816","2018-08-23T17:13:47.4480000Z","null"
"810","Raspberry Pi Web Client","27.137682330972485","76.761714461483422","2018-08-23T17:13:49.5053949Z","0","2018-08-23T17:13:49.4010000Z","null","null","ShkDevice","636706340191412816","2018-08-23T17:13:49.4160000Z","null"
"811","Raspberry Pi Web Client","25.417314489806841","70.254842521136922","2018-08-23T17:13:51.5816370Z","0","2018-08-23T17:13:51.4970000Z","null","null","ShkDevice","636706340191412816","2018-08-23T17:13:51.5100000Z","null"
"812","Raspberry Pi Web Client","30.331746578557318","73.1016909378297","2018-08-23T17:13:53.5501500Z","0","2018-08-23T17:13:53.4980000Z","null","null","ShkDevice","636706340191412816","2018-08-23T17:13:53.5010000Z","null"
"813","Raspberry Pi Web Client","27.479311449940042","66.000086185240164","2018-08-23T17:13:55.6282732Z","0","2018-08-23T17:13:55.5680000Z","null","null","ShkDevice","636706340191412816","2018-08-23T17:13:55.5790000Z","null"
"814","Raspberry Pi Web Client","23.338793346664659","74.580903538173828","2018-08-23T17:13:57.5970312Z","0","2018-08-23T17:13:57.5050000Z","null","null","ShkDevice","636706340191412816","2018-08-23T17:13:57.5190000Z","null"
"815","Raspberry Pi Web Client","26.679160101111918","70.737579209134893","2018-08-23T17:13:59.5814295Z","0","2018-08-23T17:13:59.5210000Z","null","null","ShkDevice","636706340191412816","2018-08-23T17:13:59.5350000Z","null"
"816","Raspberry Pi Web Client","26.812929367864683","65.732302665361928","2018-08-23T17:14:01.5501796Z","0","2018-08-23T17:14:01.4780000Z","null","null","ShkDevice","636706340191412816","2018-08-23T17:14:01.4940000Z","null"
"817","Raspberry Pi Web Client","20.992216918933103","68.400144588792131","2018-08-23T17:14:03.6283202Z","0","2018-08-23T17:14:03.4940000Z","null","null","ShkDevice","636706340191412816","2018-08-23T17:14:03.5100000Z","null"
"818","Raspberry Pi Web Client","23.67502384166249","73.032823075168793","2018-08-23T17:14:05.9251806Z","0","2018-08-23T17:14:05.6410000Z","null","null","ShkDevice","636706340191412816","2018-08-23T17:14:05.6560000Z","null"
"819","Raspberry Pi Web Client","31.229272062604728","75.555001710101919","2018-08-23T17:14:07.6751747Z","0","2018-08-23T17:14:07.5390000Z","null","null","ShkDevice","636706340191412816","2018-08-23T17:14:07.5430000Z","null"
"820","Raspberry Pi Web Client","31.158190926470283","63.767259643120184","2018-08-23T17:14:09.6595557Z","0","2018-08-23T17:14:09.4930000Z","null","null","ShkDevice","636706340191412816","2018-08-23T17:14:09.5110000Z","null"
"821","Raspberry Pi Web Client","21.895010861798767","71.528442531941977","2018-08-23T17:14:12.1752105Z","0","2018-08-23T17:14:12.0090000Z","null","null","ShkDevice","636706340191412816","2018-08-23T17:14:12.0270000Z","null"
"822","Raspberry Pi Web Client","25.658551924780021","67.130694260279924","2018-08-23T17:14:13.7064578Z","0","2018-08-23T17:14:13.5870000Z","null","null","ShkDevice","636706340191412816","2018-08-23T17:14:13.5890000Z","null"
"823","Raspberry Pi Web Client","24.674644408093293","69.9284793809626","2018-08-23T17:14:15.5658241Z","0","2018-08-23T17:14:15.4620000Z","null","null","ShkDevice","636706340191412816","2018-08-23T17:14:15.4820000Z","null"
"824","Raspberry Pi Web Client","22.721126989871017","69.419018861969846","2018-08-23T17:14:17.8627356Z","0","2018-08-23T17:14:17.7570000Z","null","null","ShkDevice","636706340191412816","2018-08-23T17:14:17.7630000Z","null"
"825","Raspberry Pi Web Client","20.26479697171288","70.960332247383221","2018-08-23T17:14:19.1752289Z","0","2018-08-23T17:14:19.0610000Z","null","null","ShkDevice","636706340191412816","2018-08-23T17:14:19.0600000Z","null"
"826","Raspberry Pi Web Client","21.7881833684952","69.831630798862378","2018-08-23T17:14:21.6927937Z","0","2018-08-23T17:14:21.5470000Z","null","null","ShkDevice","636706340191412816","2018-08-23T17:14:21.5600000Z","null"
"827","Raspberry Pi Web Client","29.790302890482181","78.7401877876755","2018-08-23T17:14:24.2084407Z","0","2018-08-23T17:14:24.1460000Z","null","null","ShkDevice","636706340191412816","2018-08-23T17:14:24.1560000Z","null"
"828","Raspberry Pi Web Client","23.349085517989788","72.303025486087449","2018-08-23T17:14:25.6303192Z","0","2018-08-23T17:14:25.5610000Z","null","null","ShkDevice","636706340191412816","2018-08-23T17:14:25.5620000Z","null"
"829","Raspberry Pi Web Client","26.920385926362169","69.880956893658578","2018-08-23T17:14:29.0447727Z","0","2018-08-23T17:14:28.9290000Z","null","null","ShkDevice","636706340191412816","2018-08-23T17:14:28.9420000Z","null"
"830","Raspberry Pi Web Client","24.345056974398865","64.909809862235875","2018-08-23T17:14:29.8103957Z","0","2018-08-23T17:14:29.7580000Z","null","null","ShkDevice","636706340191412816","2018-08-23T17:14:29.7610000Z","null"
"831","Raspberry Pi Web Client","21.925193714078592","79.5051364272031","2018-08-23T17:14:31.6697856Z","0","2018-08-23T17:14:31.6040000Z","null","null","ShkDevice","636706340191412816","2018-08-23T17:14:31.6070000Z","null"
"832","Raspberry Pi Web Client","30.339772404963572","68.715327501274245","2018-08-23T17:14:33.5291564Z","0","2018-08-23T17:14:33.4790000Z","null","null","ShkDevice","636706340191412816","2018-08-23T17:14:33.4850000Z","null"
"833","Raspberry Pi Web Client","23.566034214373747","61.8494275582206","2018-08-23T17:14:35.6073123Z","0","2018-08-23T17:14:35.4960000Z","null","null","ShkDevice","636706340191412816","2018-08-23T17:14:35.5010000Z","null"
"834","Raspberry Pi Web Client","23.681214772883397","71.402819571379624","2018-08-23T17:14:37.6879663Z","0","2018-08-23T17:14:37.5760000Z","null","null","ShkDevice","636706340191412816","2018-08-23T17:14:37.5820000Z","null"
"835","Raspberry Pi Web Client","22.448754697114975","68.2340756545031","2018-08-23T17:14:39.6749068Z","0","2018-08-23T17:14:39.5610000Z","null","null","ShkDevice","636706340191412816","2018-08-23T17:14:39.5700000Z","null"
"836","Raspberry Pi Web Client","21.400858135182773","79.631155277717681","2018-08-23T17:14:41.6440269Z","0","2018-08-23T17:14:41.5650000Z","null","null","ShkDevice","636706340191412816","2018-08-23T17:14:41.5740000Z","null"
"837","Raspberry Pi Web Client","22.307216773113215","67.646907894411882","2018-08-23T17:14:43.6128330Z","0","2018-08-23T17:14:43.5180000Z","null","null","ShkDevice","636706340191412816","2018-08-23T17:14:43.5410000Z","null"
"838","Raspberry Pi Web Client","20.658769809565467","74.159638354833362","2018-08-23T17:14:45.5816045Z","0","2018-08-23T17:14:45.5230000Z","null","null","ShkDevice","636706340191412816","2018-08-23T17:14:45.5410000Z","null"
"839","Raspberry Pi Web Client","22.621755527371636","75.37075941951224","2018-08-23T17:14:47.5503598Z","0","2018-08-23T17:14:47.4800000Z","null","null","ShkDevice","636706340191412816","2018-08-23T17:14:47.5090000Z","null"
"840","Raspberry Pi Web Client","22.242798524009043","66.5420925395548","2018-08-23T17:14:49.6286644Z","0","2018-08-23T17:14:49.5690000Z","null","null","ShkDevice","636706340191412816","2018-08-23T17:14:49.5780000Z","null"
"841","Raspberry Pi Web Client","26.368724387316639","76.635073542843571","2018-08-23T17:14:51.7066387Z","0","2018-08-23T17:14:51.5570000Z","null","null","ShkDevice","636706340191412816","2018-08-23T17:14:51.5800000Z","null"
"842","Raspberry Pi Web Client","31.218255750033936","70.714171794366763","2018-08-23T17:14:53.6753954Z","0","2018-08-23T17:14:53.5610000Z","null","null","ShkDevice","636706340191412816","2018-08-23T17:14:53.5800000Z","null"
"843","Raspberry Pi Web Client","27.459805993979327","63.645567137881471","2018-08-23T17:14:55.5347815Z","0","2018-08-23T17:14:55.4870000Z","null","null","ShkDevice","636706340191412816","2018-08-23T17:14:55.5010000Z","null"
"844","Raspberry Pi Web Client","20.116091371809745","71.72169529118942","2018-08-23T17:14:57.6129213Z","0","2018-08-23T17:14:57.5360000Z","null","null","ShkDevice","636706340191412816","2018-08-23T17:14:57.5640000Z","null"
"845","Raspberry Pi Web Client","31.223088990818784","63.047611739700841","2018-08-23T17:14:59.7066850Z","0","2018-08-23T17:14:59.6010000Z","null","null","ShkDevice","636706340191412816","2018-08-23T17:14:59.6270000Z","null"
"846","Raspberry Pi Web Client","21.844891423085329","63.344019950838764","2018-08-23T17:15:01.5660879Z","0","2018-08-23T17:15:01.4820000Z","null","null","ShkDevice","636706340191412816","2018-08-23T17:15:01.5010000Z","null"
"847","Raspberry Pi Web Client","25.676536780285026","65.587026528494846","2018-08-23T17:15:03.5364763Z","0","2018-08-23T17:15:03.4690000Z","null","null","ShkDevice","636706340191412816","2018-08-23T17:15:03.4860000Z","null"
"848","Raspberry Pi Web Client","25.161267309852416","75.2344213115587","2018-08-23T17:15:05.6146144Z","0","2018-08-23T17:15:05.5630000Z","null","null","ShkDevice","636706340191412816","2018-08-23T17:15:05.5800000Z","null"
"849","Raspberry Pi Web Client","24.699102647297732","70.295836839516127","2018-08-23T17:15:07.5833673Z","0","2018-08-23T17:15:07.5010000Z","null","null","ShkDevice","636706340191412816","2018-08-23T17:15:07.5180000Z","null"
"850","Raspberry Pi Web Client","24.808082055057696","67.255785171471274","2018-08-23T17:15:09.6607766Z","0","2018-08-23T17:15:09.5220000Z","null","null","ShkDevice","636706340191412816","2018-08-23T17:15:09.5340000Z","null"
"851","Raspberry Pi Web Client","21.695506101376537","77.713070207976585","2018-08-23T17:15:11.9568160Z","0","2018-08-23T17:15:11.8190000Z","null","null","ShkDevice","636706340191412816","2018-08-23T17:15:11.8330000Z","null"
"852","Raspberry Pi Web Client","21.946862286685644","74.753177778896969","2018-08-23T17:15:12.7224031Z","0","2018-08-23T17:15:12.6160000Z","null","null","ShkDevice","636706340191412816","2018-08-23T17:15:12.6340000Z","null"
